-- MySQL Administrator dump 1.4
--
-- ------------------------------------------------------
-- Server version	5.5.62


/*!40101 SET @OLD_CHARACTER_SET_CLIENT=@@CHARACTER_SET_CLIENT */;
/*!40101 SET @OLD_CHARACTER_SET_RESULTS=@@CHARACTER_SET_RESULTS */;
/*!40101 SET @OLD_COLLATION_CONNECTION=@@COLLATION_CONNECTION */;
/*!40101 SET NAMES utf8 */;

/*!40014 SET @OLD_UNIQUE_CHECKS=@@UNIQUE_CHECKS, UNIQUE_CHECKS=0 */;
/*!40014 SET @OLD_FOREIGN_KEY_CHECKS=@@FOREIGN_KEY_CHECKS, FOREIGN_KEY_CHECKS=0 */;
/*!40101 SET @OLD_SQL_MODE=@@SQL_MODE, SQL_MODE='NO_AUTO_VALUE_ON_ZERO' */;


--
-- Create schema efs
--

CREATE DATABASE IF NOT EXISTS efs;
USE efs;

--
-- Definition of table `admin`
--

DROP TABLE IF EXISTS `admin`;
CREATE TABLE `admin` (
  `id` varchar(20) NOT NULL,
  `pwd` varchar(20) DEFAULT NULL,
  PRIMARY KEY (`id`)
) ENGINE=InnoDB DEFAULT CHARSET=latin1;

--
-- Dumping data for table `admin`
--

/*!40000 ALTER TABLE `admin` DISABLE KEYS */;
INSERT INTO `admin` (`id`,`pwd`) VALUES 
 ('root','root');
/*!40000 ALTER TABLE `admin` ENABLE KEYS */;


--
-- Definition of table `budget_desgn`
--

DROP TABLE IF EXISTS `budget_desgn`;
CREATE TABLE `budget_desgn` (
  `budget_id` int(11) DEFAULT NULL,
  `budget_head` varchar(20) DEFAULT NULL,
  `d_id` int(11) DEFAULT NULL,
  `desgn` varchar(30) DEFAULT NULL,
  `pay_billid` varchar(30) DEFAULT NULL
) ENGINE=InnoDB DEFAULT CHARSET=latin1;

--
-- Dumping data for table `budget_desgn`
--

/*!40000 ALTER TABLE `budget_desgn` DISABLE KEYS */;
INSERT INTO `budget_desgn` (`budget_id`,`budget_head`,`d_id`,`desgn`,`pay_billid`) VALUES 
 (1001,'DC',101,'Cashier','1DC');
/*!40000 ALTER TABLE `budget_desgn` ENABLE KEYS */;


--
-- Definition of table `dues_deduction`
--

DROP TABLE IF EXISTS `dues_deduction`;
CREATE TABLE `dues_deduction` (
  `e_id` int(11) DEFAULT NULL,
  `npa` tinyint(1) DEFAULT NULL,
  `da` tinyint(1) DEFAULT NULL,
  `sa` tinyint(1) DEFAULT NULL,
  `sda` tinyint(1) DEFAULT NULL,
  `sca` tinyint(1) DEFAULT NULL,
  `ta` tinyint(1) DEFAULT NULL,
  `wash_all` tinyint(1) DEFAULT NULL,
  `winter_all` tinyint(1) DEFAULT NULL,
  `kit_all` tinyint(1) DEFAULT NULL,
  `ra` tinyint(1) DEFAULT NULL,
  `ua` tinyint(1) DEFAULT NULL,
  `hra` tinyint(1) DEFAULT NULL,
  `gis_ins` tinyint(1) DEFAULT NULL,
  `gis_sav` tinyint(1) DEFAULT NULL,
  `water_charge` tinyint(1) DEFAULT NULL,
  `civic_charge` tinyint(1) DEFAULT NULL,
  `scc` tinyint(1) DEFAULT NULL,
  `revenue_stamp` tinyint(1) DEFAULT NULL,
  KEY `e_id` (`e_id`),
  CONSTRAINT `dues_deduction_ibfk_1` FOREIGN KEY (`e_id`) REFERENCES `emp` (`emp_id`) ON DELETE CASCADE ON UPDATE CASCADE
) ENGINE=InnoDB DEFAULT CHARSET=latin1;

--
-- Dumping data for table `dues_deduction`
--

/*!40000 ALTER TABLE `dues_deduction` DISABLE KEYS */;
INSERT INTO `dues_deduction` (`e_id`,`npa`,`da`,`sa`,`sda`,`sca`,`ta`,`wash_all`,`winter_all`,`kit_all`,`ra`,`ua`,`hra`,`gis_ins`,`gis_sav`,`water_charge`,`civic_charge`,`scc`,`revenue_stamp`) VALUES 
 (1001,0,1,1,1,0,0,1,1,1,0,1,1,0,0,0,0,0,0),
 (1002,0,0,1,1,0,0,1,1,0,0,1,1,0,0,0,0,0,0),
 (1003,1,1,1,1,0,0,0,0,1,1,1,1,0,0,0,0,0,1),
 (1004,1,1,1,1,0,0,0,0,1,1,1,1,0,0,0,0,0,1),
 (1005,1,1,1,1,0,0,0,0,1,1,1,1,0,0,0,0,0,1),
 (1006,1,1,1,1,0,0,0,0,1,1,1,1,0,0,0,0,0,1),
 (1007,1,1,1,1,0,0,0,0,1,1,1,1,0,0,0,0,0,1);
/*!40000 ALTER TABLE `dues_deduction` ENABLE KEYS */;


--
-- Definition of table `emp`
--

DROP TABLE IF EXISTS `emp`;
CREATE TABLE `emp` (
  `emp_id` int(20) NOT NULL,
  `name` varchar(100) DEFAULT NULL,
  `Gender` varchar(10) DEFAULT NULL,
  `Dob` date DEFAULT NULL,
  `doj` date DEFAULT NULL,
  `cadre` varchar(10) DEFAULT NULL,
  `Desgn` varchar(100) DEFAULT NULL,
  `pay_band` varchar(20) DEFAULT NULL,
  `grade_pay` varchar(10) DEFAULT '0',
  `pay_level` varchar(10) DEFAULT NULL,
  `bank_ac` bigint(20) DEFAULT NULL,
  `pan_number` varchar(10) DEFAULT NULL,
  `budget_head` varchar(20) DEFAULT NULL,
  `emp_type` varchar(20) DEFAULT NULL,
  `emp_group` varchar(10) DEFAULT NULL,
  `Pay_billid` varchar(20) DEFAULT NULL,
  `pre_sal` float(10,2) DEFAULT NULL,
  `suspended` varchar(10) DEFAULT NULL,
  `suspen_percent` int(11) DEFAULT '0',
  `gpf_sub_yn` varchar(10) DEFAULT NULL,
  `gpf_ac` varchar(20) DEFAULT NULL,
  `nps_sub_yn` varchar(10) DEFAULT NULL,
  `nps_ac` varchar(20) DEFAULT NULL,
  `Quater_type` varchar(10) DEFAULT NULL,
  PRIMARY KEY (`emp_id`)
) ENGINE=InnoDB DEFAULT CHARSET=latin1;

--
-- Dumping data for table `emp`
--

/*!40000 ALTER TABLE `emp` DISABLE KEYS */;
INSERT INTO `emp` (`emp_id`,`name`,`Gender`,`Dob`,`doj`,`cadre`,`Desgn`,`pay_band`,`grade_pay`,`pay_level`,`bank_ac`,`pan_number`,`budget_head`,`emp_type`,`emp_group`,`Pay_billid`,`pre_sal`,`suspended`,`suspen_percent`,`gpf_sub_yn`,`gpf_ac`,`nps_sub_yn`,`nps_ac`,`Quater_type`) VALUES 
 (1001,'Demo Name','Male','2020-06-20','2020-06-20','eee','Cashier','5200-20200','1800','1',1234567890,'WER123','DC','Permanent','A','1DC',18500.00,'0',0,'1','12110','0','','A'),
 (1002,'Demo Name 2','Female','2020-06-20','2020-06-20','eee','Cashier','5200-20200','1900','2',1234567891,'WER123','DC','Temporary','A','1DC',19100.00,'0',0,'0','','1','1011','A'),
 (1003,'Demo Name 3','Female','2020-07-06','2020-07-06','aqw','Cashier','5200-20200','1900','2',1234567890,'as122','DC','Permanent','A','1DC',20100.00,'0',0,'1','as12345','0','','A'),
 (1004,'Demo Name 4','Female','2020-07-06','2020-07-06','aqw','Cashier','5200-20200','0','18',1234567890,'as123','DC','Permanent','A','1DC',250000.00,'0',0,'1','as12345','0','','A'),
 (1005,'Demo Name 5','Female','2020-07-06','2020-07-06','aqw','Cashier','5200-20200','0','18',1234567890,'as122','DC','Permanent','A','1DC',250000.00,'0',0,'1','as12345','0','','A'),
 (1006,'Demo Name 6','Female','2020-07-06','2020-07-06','aqw','Cashier','5200-20200','0','18',1234567890,'as122','DC','Permanent','A','1DC',250000.00,'0',0,'1','as12345','0','','A'),
 (1007,'Demo Name 7','Female','2020-07-06','2020-07-06','aqw','Cashier','5200-20200','0','18',1234567890,'as122','DC','Permanent','B','1DC',250000.00,'0',0,'1','as12345','0','','A');
/*!40000 ALTER TABLE `emp` ENABLE KEYS */;


--
-- Definition of table `emp_typ_grp`
--

DROP TABLE IF EXISTS `emp_typ_grp`;
CREATE TABLE `emp_typ_grp` (
  `e_typ` varchar(10) DEFAULT NULL,
  `e_grp` varchar(10) DEFAULT NULL
) ENGINE=InnoDB DEFAULT CHARSET=latin1;

--
-- Dumping data for table `emp_typ_grp`
--

/*!40000 ALTER TABLE `emp_typ_grp` DISABLE KEYS */;
INSERT INTO `emp_typ_grp` (`e_typ`,`e_grp`) VALUES 
 (NULL,''),
 ('',NULL),
 ('',NULL),
 (NULL,''),
 (NULL,''),
 ('',NULL),
 ('',NULL),
 ('',NULL),
 ('Temporary',NULL),
 ('Permanent',NULL),
 (NULL,'A'),
 (NULL,'B'),
 (NULL,'C'),
 (NULL,'D');
/*!40000 ALTER TABLE `emp_typ_grp` ENABLE KEYS */;


--
-- Definition of table `employee`
--

DROP TABLE IF EXISTS `employee`;
CREATE TABLE `employee` (
  `id` int(11) NOT NULL,
  `name` varchar(50) DEFAULT NULL,
  `level` varchar(3) DEFAULT NULL,
  `salary` float(8,2) DEFAULT NULL,
  `pay_band` varchar(20) DEFAULT NULL,
  `grade` varchar(10) DEFAULT NULL,
  `ldi` date DEFAULT NULL,
  PRIMARY KEY (`id`)
) ENGINE=InnoDB DEFAULT CHARSET=latin1;

--
-- Dumping data for table `employee`
--

/*!40000 ALTER TABLE `employee` DISABLE KEYS */;
INSERT INTO `employee` (`id`,`name`,`level`,`salary`,`pay_band`,`grade`,`ldi`) VALUES 
 (1,'Demo name 1','1',18500.00,'5200-20200','1800','2020-10-13'),
 (5,'mkn','6',53600.00,'9300-34800','4200','2020-07-01'),
 (10,'MK Nath','6',55200.00,'9300-34800','4200','2021-07-01'),
 (11,'MK Nath','6',53600.00,'9300-34800','4200','2020-07-01');
/*!40000 ALTER TABLE `employee` ENABLE KEYS */;


--
-- Definition of table `matrix_val`
--

DROP TABLE IF EXISTS `matrix_val`;
CREATE TABLE `matrix_val` (
  `pay_band` varchar(20) DEFAULT NULL,
  `grade_pay` int(11) DEFAULT '0',
  `level` varchar(11) DEFAULT NULL,
  `sal` float(8,2) DEFAULT NULL
) ENGINE=InnoDB DEFAULT CHARSET=latin1;

--
-- Dumping data for table `matrix_val`
--

/*!40000 ALTER TABLE `matrix_val` DISABLE KEYS */;
INSERT INTO `matrix_val` (`pay_band`,`grade_pay`,`level`,`sal`) VALUES 
 ('5200-20200',1800,'1',18000.00),
 ('5200-20200',1800,'1',18500.00),
 ('5200-20200',1800,'1',19100.00),
 ('5200-20200',1800,'1',19700.00),
 ('5200-20200',1800,'1',20300.00),
 ('5200-20200',1800,'1',20900.00),
 ('5200-20200',1800,'1',21500.00),
 ('5200-20200',1800,'1',22100.00),
 ('5200-20200',1800,'1',22800.00),
 ('5200-20200',1800,'1',23500.00),
 ('5200-20200',1800,'1',24200.00),
 ('5200-20200',1800,'1',24900.00),
 ('5200-20200',1800,'1',25600.00),
 ('5200-20200',1800,'1',26400.00),
 ('5200-20200',1800,'1',27200.00),
 ('5200-20200',1800,'1',28000.00),
 ('5200-20200',1800,'1',28800.00),
 ('5200-20200',1800,'1',29700.00),
 ('5200-20200',1800,'1',30600.00),
 ('5200-20200',1800,'1',31500.00),
 ('5200-20200',1800,'1',32400.00),
 ('5200-20200',1800,'1',33400.00),
 ('5200-20200',1800,'1',34400.00),
 ('5200-20200',1800,'1',35400.00),
 ('5200-20200',1800,'1',36500.00),
 ('5200-20200',1800,'1',37600.00),
 ('5200-20200',1800,'1',38700.00),
 ('5200-20200',1800,'1',39900.00),
 ('5200-20200',1800,'1',41100.00),
 ('5200-20200',1800,'1',42300.00),
 ('5200-20200',1800,'1',43600.00),
 ('5200-20200',1800,'1',44900.00),
 ('5200-20200',1800,'1',46200.00),
 ('5200-20200',1800,'1',47600.00),
 ('5200-20200',1800,'1',49000.00),
 ('5200-20200',1800,'1',50500.00),
 ('5200-20200',1800,'1',52000.00),
 ('5200-20200',1800,'1',53600.00),
 ('5200-20200',1800,'1',55200.00),
 ('5200-20200',1800,'1',56900.00),
 ('5200-20200',1900,'2',19900.00),
 ('5200-20200',1900,'2',20500.00),
 ('5200-20200',1900,'2',21100.00),
 ('5200-20200',1900,'2',21700.00),
 ('5200-20200',1900,'2',22400.00),
 ('5200-20200',1900,'2',23100.00),
 ('5200-20200',1900,'2',23800.00),
 ('5200-20200',1900,'2',24500.00),
 ('5200-20200',1900,'2',25200.00),
 ('5200-20200',1900,'2',26000.00),
 ('5200-20200',1900,'2',26800.00),
 ('5200-20200',1900,'2',27600.00),
 ('5200-20200',1900,'2',28400.00),
 ('5200-20200',1900,'2',29300.00),
 ('5200-20200',1900,'2',30200.00),
 ('5200-20200',1900,'2',31100.00),
 ('5200-20200',1900,'2',32000.00),
 ('5200-20200',1900,'2',33000.00),
 ('5200-20200',1900,'2',34000.00),
 ('5200-20200',1900,'2',35000.00),
 ('5200-20200',1900,'2',36100.00),
 ('5200-20200',1900,'2',37200.00),
 ('5200-20200',1900,'2',38300.00),
 ('5200-20200',1900,'2',39400.00),
 ('5200-20200',1900,'2',40600.00),
 ('5200-20200',1900,'2',41800.00),
 ('5200-20200',1900,'2',43100.00),
 ('5200-20200',1900,'2',44400.00),
 ('5200-20200',1900,'2',45700.00),
 ('5200-20200',1900,'2',47100.00),
 ('5200-20200',1900,'2',48500.00),
 ('5200-20200',1900,'2',50000.00),
 ('5200-20200',1900,'2',51500.00),
 ('5200-20200',1900,'2',53000.00),
 ('5200-20200',1900,'2',54600.00),
 ('5200-20200',1900,'2',56200.00),
 ('5200-20200',1900,'2',57900.00),
 ('5200-20200',1900,'2',59600.00),
 ('5200-20200',1900,'2',61400.00),
 ('5200-20200',1900,'2',63200.00),
 ('5200-20200',2000,'3',21700.00),
 ('5200-20200',2000,'3',22400.00),
 ('5200-20200',2000,'3',23100.00),
 ('5200-20200',2000,'3',23800.00),
 ('5200-20200',2000,'3',24500.00),
 ('5200-20200',2000,'3',25200.00),
 ('5200-20200',2000,'3',26000.00),
 ('5200-20200',2000,'3',26800.00),
 ('5200-20200',2000,'3',27600.00),
 ('5200-20200',2000,'3',28400.00),
 ('5200-20200',2000,'3',29300.00),
 ('5200-20200',2000,'3',30200.00),
 ('5200-20200',2000,'3',31100.00),
 ('5200-20200',2000,'3',32000.00),
 ('5200-20200',2000,'3',33000.00),
 ('5200-20200',2000,'3',34000.00),
 ('5200-20200',2000,'3',35000.00),
 ('5200-20200',2000,'3',36100.00),
 ('5200-20200',2000,'3',37200.00),
 ('5200-20200',2000,'3',38300.00),
 ('5200-20200',2000,'3',39400.00),
 ('5200-20200',2000,'3',40600.00),
 ('5200-20200',2000,'3',41800.00),
 ('5200-20200',2000,'3',43100.00),
 ('5200-20200',2000,'3',44400.00),
 ('5200-20200',2000,'3',45700.00),
 ('5200-20200',2000,'3',47100.00),
 ('5200-20200',2000,'3',48500.00),
 ('5200-20200',2000,'3',50000.00),
 ('5200-20200',2000,'3',51500.00),
 ('5200-20200',2000,'3',53000.00),
 ('5200-20200',2000,'3',54600.00),
 ('5200-20200',2000,'3',56200.00),
 ('5200-20200',2000,'3',57900.00),
 ('5200-20200',2000,'3',59600.00),
 ('5200-20200',2000,'3',61400.00),
 ('5200-20200',2000,'3',63200.00),
 ('5200-20200',2000,'3',65100.00),
 ('5200-20200',2000,'3',67100.00),
 ('5200-20200',2000,'3',69100.00),
 ('5200-20200',2400,'4',25500.00),
 ('5200-20200',2400,'4',26300.00),
 ('5200-20200',2400,'4',27100.00),
 ('5200-20200',2400,'4',27900.00),
 ('5200-20200',2400,'4',28700.00),
 ('5200-20200',2400,'4',29600.00),
 ('5200-20200',2400,'4',30500.00),
 ('5200-20200',2400,'4',31400.00),
 ('5200-20200',2400,'4',32300.00),
 ('5200-20200',2400,'4',33300.00),
 ('5200-20200',2400,'4',34300.00),
 ('5200-20200',2400,'4',35300.00),
 ('5200-20200',2400,'4',36400.00),
 ('5200-20200',2400,'4',37500.00),
 ('5200-20200',2400,'4',38600.00),
 ('5200-20200',2400,'4',39800.00),
 ('5200-20200',2400,'4',41000.00),
 ('5200-20200',2400,'4',42200.00),
 ('5200-20200',2400,'4',43500.00),
 ('5200-20200',2400,'4',44800.00),
 ('5200-20200',2400,'4',46100.00),
 ('5200-20200',2400,'4',47500.00),
 ('5200-20200',2400,'4',48900.00),
 ('5200-20200',2400,'4',50400.00),
 ('5200-20200',2400,'4',51900.00),
 ('5200-20200',2400,'4',53500.00),
 ('5200-20200',2400,'4',55100.00),
 ('5200-20200',2400,'4',56800.00),
 ('5200-20200',2400,'4',58500.00),
 ('5200-20200',2400,'4',60300.00),
 ('5200-20200',2400,'4',62100.00),
 ('5200-20200',2400,'4',64000.00),
 ('5200-20200',2400,'4',65900.00),
 ('5200-20200',2400,'4',67900.00),
 ('5200-20200',2400,'4',69900.00),
 ('5200-20200',2400,'4',72000.00),
 ('5200-20200',2400,'4',74200.00),
 ('5200-20200',2400,'4',76400.00),
 ('5200-20200',2400,'4',78700.00),
 ('5200-20200',2400,'4',81100.00),
 ('5200-20200',2800,'5',29200.00),
 ('5200-20200',2800,'5',30100.00),
 ('5200-20200',2800,'5',31000.00),
 ('5200-20200',2800,'5',31900.00),
 ('5200-20200',2800,'5',32900.00),
 ('5200-20200',2800,'5',33900.00),
 ('5200-20200',2800,'5',34900.00),
 ('5200-20200',2800,'5',35900.00),
 ('5200-20200',2800,'5',37000.00),
 ('5200-20200',2800,'5',38100.00),
 ('5200-20200',2800,'5',39200.00),
 ('5200-20200',2800,'5',40400.00),
 ('5200-20200',2800,'5',41600.00),
 ('5200-20200',2800,'5',42800.00),
 ('5200-20200',2800,'5',44100.00),
 ('5200-20200',2800,'5',45400.00),
 ('5200-20200',2800,'5',46800.00),
 ('5200-20200',2800,'5',48200.00),
 ('5200-20200',2800,'5',49600.00),
 ('5200-20200',2800,'5',51100.00),
 ('5200-20200',2800,'5',52600.00),
 ('5200-20200',2800,'5',54200.00),
 ('5200-20200',2800,'5',55800.00),
 ('5200-20200',2800,'5',57500.00),
 ('5200-20200',2800,'5',59200.00),
 ('5200-20200',2800,'5',61000.00),
 ('5200-20200',2800,'5',62800.00),
 ('5200-20200',2800,'5',64700.00),
 ('5200-20200',2800,'5',66600.00),
 ('5200-20200',2800,'5',68600.00),
 ('5200-20200',2800,'5',70700.00),
 ('5200-20200',2800,'5',72800.00),
 ('5200-20200',2800,'5',75000.00),
 ('5200-20200',2800,'5',77300.00),
 ('5200-20200',2800,'5',79600.00),
 ('5200-20200',2800,'5',82000.00),
 ('5200-20200',2800,'5',84500.00),
 ('5200-20200',2800,'5',87000.00),
 ('5200-20200',2800,'5',89600.00),
 ('5200-20200',2800,'5',92300.00),
 ('9300-34800',4200,'6',35400.00),
 ('9300-34800',4200,'6',36500.00),
 ('9300-34800',4200,'6',37600.00),
 ('9300-34800',4200,'6',38700.00),
 ('9300-34800',4200,'6',39900.00),
 ('9300-34800',4200,'6',41100.00),
 ('9300-34800',4200,'6',42300.00),
 ('9300-34800',4200,'6',43600.00),
 ('9300-34800',4200,'6',44900.00),
 ('9300-34800',4200,'6',46200.00),
 ('9300-34800',4200,'6',47600.00),
 ('9300-34800',4200,'6',49000.00),
 ('9300-34800',4200,'6',50500.00),
 ('9300-34800',4200,'6',52000.00),
 ('9300-34800',4200,'6',53600.00),
 ('9300-34800',4200,'6',55200.00),
 ('9300-34800',4200,'6',56900.00),
 ('9300-34800',4200,'6',58600.00),
 ('9300-34800',4200,'6',60400.00),
 ('9300-34800',4200,'6',62200.00),
 ('9300-34800',4200,'6',64100.00),
 ('9300-34800',4200,'6',66000.00),
 ('9300-34800',4200,'6',68000.00),
 ('9300-34800',4200,'6',70000.00),
 ('9300-34800',4200,'6',72100.00),
 ('9300-34800',4200,'6',74300.00),
 ('9300-34800',4200,'6',76500.00),
 ('9300-34800',4200,'6',78800.00),
 ('9300-34800',4200,'6',81200.00),
 ('9300-34800',4200,'6',83600.00),
 ('9300-34800',4200,'6',86100.00),
 ('9300-34800',4200,'6',88700.00),
 ('9300-34800',4200,'6',91400.00),
 ('9300-34800',4200,'6',94100.00),
 ('9300-34800',4200,'6',96900.00),
 ('9300-34800',4200,'6',99800.00),
 ('9300-34800',4200,'6',102800.00),
 ('9300-34800',4200,'6',105900.00),
 ('9300-34800',4200,'6',109100.00),
 ('9300-34800',4200,'6',112400.00),
 ('9300-34800',4600,'7',44900.00),
 ('9300-34800',4600,'7',46200.00),
 ('9300-34800',4600,'7',47600.00),
 ('9300-34800',4600,'7',49000.00),
 ('9300-34800',4600,'7',50500.00),
 ('9300-34800',4600,'7',52000.00),
 ('9300-34800',4600,'7',53600.00),
 ('9300-34800',4600,'7',55200.00),
 ('9300-34800',4600,'7',56900.00),
 ('9300-34800',4600,'7',58600.00),
 ('9300-34800',4600,'7',60400.00),
 ('9300-34800',4600,'7',62200.00),
 ('9300-34800',4600,'7',64100.00),
 ('9300-34800',4600,'7',66000.00),
 ('9300-34800',4600,'7',68000.00),
 ('9300-34800',4600,'7',70000.00),
 ('9300-34800',4600,'7',72100.00),
 ('9300-34800',4600,'7',74300.00),
 ('9300-34800',4600,'7',76500.00),
 ('9300-34800',4600,'7',78800.00),
 ('9300-34800',4600,'7',81200.00),
 ('9300-34800',4600,'7',83600.00),
 ('9300-34800',4600,'7',86100.00),
 ('9300-34800',4600,'7',88700.00),
 ('9300-34800',4600,'7',91400.00),
 ('9300-34800',4600,'7',94100.00),
 ('9300-34800',4600,'7',96900.00),
 ('9300-34800',4600,'7',99800.00),
 ('9300-34800',4600,'7',102800.00),
 ('9300-34800',4600,'7',105900.00),
 ('9300-34800',4600,'7',109100.00),
 ('9300-34800',4600,'7',112400.00),
 ('9300-34800',4600,'7',115800.00),
 ('9300-34800',4600,'7',119300.00),
 ('9300-34800',4600,'7',122900.00),
 ('9300-34800',4600,'7',126600.00),
 ('9300-34800',4600,'7',130400.00),
 ('9300-34800',4600,'7',134300.00),
 ('9300-34800',4600,'7',138300.00),
 ('9300-34800',4600,'7',142400.00),
 ('9300-34800',4800,'8',47600.00),
 ('9300-34800',4800,'8',49000.00),
 ('9300-34800',4800,'8',50500.00),
 ('9300-34800',4800,'8',52000.00),
 ('9300-34800',4800,'8',53600.00),
 ('9300-34800',4800,'8',55200.00),
 ('9300-34800',4800,'8',56900.00),
 ('9300-34800',4800,'8',58600.00),
 ('9300-34800',4800,'8',60400.00),
 ('9300-34800',4800,'8',62200.00),
 ('9300-34800',4800,'8',64100.00),
 ('9300-34800',4800,'8',66000.00),
 ('9300-34800',4800,'8',68000.00),
 ('9300-34800',4800,'8',70000.00),
 ('9300-34800',4800,'8',72100.00),
 ('9300-34800',4800,'8',74300.00),
 ('9300-34800',4800,'8',76500.00),
 ('9300-34800',4800,'8',78800.00),
 ('9300-34800',4800,'8',81200.00),
 ('9300-34800',4800,'8',83600.00),
 ('9300-34800',4800,'8',86100.00),
 ('9300-34800',4800,'8',88700.00),
 ('9300-34800',4800,'8',91400.00),
 ('9300-34800',4800,'8',94100.00),
 ('9300-34800',4800,'8',96900.00),
 ('9300-34800',4800,'8',99800.00),
 ('9300-34800',4800,'8',102800.00),
 ('9300-34800',4800,'8',105900.00),
 ('9300-34800',4800,'8',109100.00),
 ('9300-34800',4800,'8',112400.00),
 ('9300-34800',4800,'8',115800.00),
 ('9300-34800',4800,'8',119300.00),
 ('9300-34800',4800,'8',122900.00),
 ('9300-34800',4800,'8',126600.00),
 ('9300-34800',4800,'8',130400.00),
 ('9300-34800',4800,'8',134300.00),
 ('9300-34800',4800,'8',138300.00),
 ('9300-34800',4800,'8',142400.00),
 ('9300-34800',4800,'8',146700.00),
 ('9300-34800',4800,'8',151100.00),
 ('9300-34800',5400,'9',53100.00),
 ('9300-34800',5400,'9',54700.00),
 ('9300-34800',5400,'9',56300.00),
 ('9300-34800',5400,'9',58000.00),
 ('9300-34800',5400,'9',59700.00),
 ('9300-34800',5400,'9',61500.00),
 ('9300-34800',5400,'9',63300.00),
 ('9300-34800',5400,'9',65200.00),
 ('9300-34800',5400,'9',67200.00),
 ('9300-34800',5400,'9',69200.00),
 ('9300-34800',5400,'9',71300.00),
 ('9300-34800',5400,'9',73400.00),
 ('9300-34800',5400,'9',75600.00),
 ('9300-34800',5400,'9',77900.00),
 ('9300-34800',5400,'9',80200.00),
 ('9300-34800',5400,'9',82600.00),
 ('9300-34800',5400,'9',85100.00),
 ('9300-34800',5400,'9',87700.00),
 ('9300-34800',5400,'9',90300.00),
 ('9300-34800',5400,'9',93000.00),
 ('9300-34800',5400,'9',95800.00),
 ('9300-34800',5400,'9',98700.00),
 ('9300-34800',5400,'9',101700.00),
 ('9300-34800',5400,'9',104800.00),
 ('9300-34800',5400,'9',107900.00),
 ('9300-34800',5400,'9',111100.00),
 ('9300-34800',5400,'9',114400.00),
 ('9300-34800',5400,'9',117800.00),
 ('9300-34800',5400,'9',121300.00),
 ('9300-34800',5400,'9',124900.00),
 ('9300-34800',5400,'9',128600.00),
 ('9300-34800',5400,'9',132500.00),
 ('9300-34800',5400,'9',136500.00),
 ('9300-34800',5400,'9',140600.00),
 ('9300-34800',5400,'9',144800.00),
 ('9300-34800',5400,'9',149100.00),
 ('9300-34800',5400,'9',153600.00),
 ('9300-34800',5400,'9',158200.00),
 ('9300-34800',5400,'9',162900.00),
 ('9300-34800',5400,'9',167800.00),
 ('15600-39100',5400,'10',56100.00),
 ('15600-39100',5400,'10',57800.00),
 ('15600-39100',5400,'10',59500.00),
 ('15600-39100',5400,'10',61300.00),
 ('15600-39100',5400,'10',63100.00),
 ('15600-39100',5400,'10',65000.00),
 ('15600-39100',5400,'10',67000.00),
 ('15600-39100',5400,'10',69000.00),
 ('15600-39100',5400,'10',71100.00),
 ('15600-39100',5400,'10',73200.00),
 ('15600-39100',5400,'10',75400.00),
 ('15600-39100',5400,'10',77700.00),
 ('15600-39100',5400,'10',80000.00),
 ('15600-39100',5400,'10',82400.00),
 ('15600-39100',5400,'10',84900.00),
 ('15600-39100',5400,'10',87400.00),
 ('15600-39100',5400,'10',90000.00),
 ('15600-39100',5400,'10',92700.00),
 ('15600-39100',5400,'10',95500.00),
 ('15600-39100',5400,'10',98400.00),
 ('15600-39100',5400,'10',101400.00),
 ('15600-39100',5400,'10',104400.00),
 ('15600-39100',5400,'10',107500.00),
 ('15600-39100',5400,'10',110700.00),
 ('15600-39100',5400,'10',114000.00),
 ('15600-39100',5400,'10',117400.00),
 ('15600-39100',5400,'10',120900.00),
 ('15600-39100',5400,'10',124500.00),
 ('15600-39100',5400,'10',128200.00),
 ('15600-39100',5400,'10',132000.00),
 ('15600-39100',5400,'10',136000.00),
 ('15600-39100',5400,'10',140100.00),
 ('15600-39100',5400,'10',144300.00),
 ('15600-39100',5400,'10',148600.00),
 ('15600-39100',5400,'10',153100.00),
 ('15600-39100',5400,'10',157700.00),
 ('15600-39100',5400,'10',162400.00),
 ('15600-39100',5400,'10',167300.00),
 ('15600-39100',5400,'10',172300.00),
 ('15600-39100',5400,'10',177500.00),
 ('15600-39100',6600,'11',67700.00),
 ('15600-39100',6600,'11',69700.00),
 ('15600-39100',6600,'11',71800.00),
 ('15600-39100',6600,'11',74000.00),
 ('15600-39100',6600,'11',76200.00),
 ('15600-39100',6600,'11',78500.00),
 ('15600-39100',6600,'11',80900.00),
 ('15600-39100',6600,'11',83300.00),
 ('15600-39100',6600,'11',85800.00),
 ('15600-39100',6600,'11',88400.00),
 ('15600-39100',6600,'11',91100.00),
 ('15600-39100',6600,'11',93800.00),
 ('15600-39100',6600,'11',96600.00),
 ('15600-39100',6600,'11',99500.00),
 ('15600-39100',6600,'11',102500.00),
 ('15600-39100',6600,'11',105600.00),
 ('15600-39100',6600,'11',108800.00),
 ('15600-39100',6600,'11',112100.00),
 ('15600-39100',6600,'11',115500.00),
 ('15600-39100',6600,'11',119000.00),
 ('15600-39100',6600,'11',122600.00),
 ('15600-39100',6600,'11',126300.00),
 ('15600-39100',6600,'11',130100.00),
 ('15600-39100',6600,'11',134000.00),
 ('15600-39100',6600,'11',138000.00),
 ('15600-39100',6600,'11',142100.00),
 ('15600-39100',6600,'11',146400.00),
 ('15600-39100',6600,'11',150800.00),
 ('15600-39100',6600,'11',155300.00),
 ('15600-39100',6600,'11',160000.00),
 ('15600-39100',6600,'11',164800.00),
 ('15600-39100',6600,'11',169700.00),
 ('15600-39100',6600,'11',174800.00),
 ('15600-39100',6600,'11',180000.00),
 ('15600-39100',6600,'11',185400.00),
 ('15600-39100',6600,'11',191000.00),
 ('15600-39100',6600,'11',196700.00),
 ('15600-39100',6600,'11',202600.00),
 ('15600-39100',6600,'11',208700.00),
 ('15600-39100',7600,'12',78800.00),
 ('15600-39100',7600,'12',81200.00),
 ('15600-39100',7600,'12',83600.00),
 ('15600-39100',7600,'12',86100.00),
 ('15600-39100',7600,'12',88700.00),
 ('15600-39100',7600,'12',91400.00),
 ('15600-39100',7600,'12',94100.00),
 ('15600-39100',7600,'12',96900.00),
 ('15600-39100',7600,'12',99800.00),
 ('15600-39100',7600,'12',102800.00),
 ('15600-39100',7600,'12',105900.00),
 ('15600-39100',7600,'12',109100.00),
 ('15600-39100',7600,'12',112400.00),
 ('15600-39100',7600,'12',115800.00),
 ('15600-39100',7600,'12',119300.00),
 ('15600-39100',7600,'12',122900.00),
 ('15600-39100',7600,'12',126600.00),
 ('15600-39100',7600,'12',130400.00),
 ('15600-39100',7600,'12',134300.00),
 ('15600-39100',7600,'12',138300.00),
 ('15600-39100',7600,'12',142400.00),
 ('15600-39100',7600,'12',146700.00),
 ('15600-39100',7600,'12',151100.00),
 ('15600-39100',7600,'12',155600.00),
 ('15600-39100',7600,'12',160300.00),
 ('15600-39100',7600,'12',165100.00),
 ('15600-39100',7600,'12',170100.00),
 ('15600-39100',7600,'12',175200.00),
 ('15600-39100',7600,'12',180500.00),
 ('15600-39100',7600,'12',185900.00),
 ('15600-39100',7600,'12',191500.00),
 ('15600-39100',7600,'12',197200.00),
 ('15600-39100',7600,'12',203100.00),
 ('15600-39100',7600,'12',209200.00),
 ('37400-67000',8700,'13',118500.00),
 ('37400-67000',8700,'13',122100.00),
 ('37400-67000',8700,'13',125800.00),
 ('37400-67000',8700,'13',129600.00),
 ('37400-67000',8700,'13',133500.00),
 ('37400-67000',8700,'13',137500.00),
 ('37400-67000',8700,'13',141600.00),
 ('37400-67000',8700,'13',145800.00),
 ('37400-67000',8700,'13',150200.00),
 ('37400-67000',8700,'13',154700.00),
 ('37400-67000',8700,'13',159300.00),
 ('37400-67000',8700,'13',164100.00),
 ('37400-67000',8700,'13',169000.00),
 ('37400-67000',8700,'13',174100.00),
 ('37400-67000',8700,'13',179300.00),
 ('37400-67000',8700,'13',184700.00),
 ('37400-67000',8700,'13',190200.00),
 ('37400-67000',8700,'13',195900.00),
 ('37400-67000',8700,'13',201800.00),
 ('37400-67000',8700,'13',207900.00),
 ('37400-67000',8700,'13',214100.00),
 ('37400-67000',8900,'13A',131100.00),
 ('37400-67000',8900,'13A',135000.00),
 ('37400-67000',8900,'13A',139100.00),
 ('37400-67000',8900,'13A',143300.00),
 ('37400-67000',8900,'13A',147600.00),
 ('37400-67000',8900,'13A',152000.00),
 ('37400-67000',8900,'13A',156600.00),
 ('37400-67000',8900,'13A',161300.00),
 ('37400-67000',8900,'13A',166100.00),
 ('37400-67000',8900,'13A',171100.00),
 ('37400-67000',8900,'13A',176200.00),
 ('37400-67000',8900,'13A',181500.00),
 ('37400-67000',8900,'13A',186900.00),
 ('37400-67000',8900,'13A',192500.00),
 ('37400-67000',8900,'13A',198300.00),
 ('37400-67000',8900,'13A',204200.00),
 ('37400-67000',8900,'13A',210300.00),
 ('37400-67000',8900,'13A',216600.00),
 ('37400-67000',10000,'14',144200.00),
 ('37400-67000',10000,'14',148500.00),
 ('37400-67000',10000,'14',153000.00),
 ('37400-67000',10000,'14',157600.00),
 ('37400-67000',10000,'14',162300.00),
 ('37400-67000',10000,'14',167200.00),
 ('37400-67000',10000,'14',172200.00),
 ('37400-67000',10000,'14',177400.00),
 ('37400-67000',10000,'14',182700.00),
 ('37400-67000',10000,'14',188200.00),
 ('37400-67000',10000,'14',193800.00),
 ('37400-67000',10000,'14',199600.00),
 ('37400-67000',10000,'14',205600.00),
 ('37400-67000',10000,'14',211800.00),
 ('37400-67000',10000,'14',218200.00),
 ('67000-79000',0,'15',182200.00),
 ('67000-79000',0,'15',187700.00),
 ('67000-79000',0,'15',193300.00),
 ('67000-79000',0,'15',199100.00),
 ('67000-79000',0,'15',205100.00),
 ('67000-79000',0,'15',211300.00),
 ('67000-79000',0,'15',217600.00),
 ('67000-79000',0,'15',224100.00),
 ('75500-80000',0,'16',205400.00),
 ('75500-80000',0,'16',211600.00),
 ('75500-80000',0,'16',217900.00),
 ('75500-80000',0,'16',224400.00),
 ('80000',0,'17',225000.00),
 ('90000',0,'18',250000.00);
/*!40000 ALTER TABLE `matrix_val` ENABLE KEYS */;


--
-- Definition of table `new`
--

DROP TABLE IF EXISTS `new`;
CREATE TABLE `new` (
  `id` int(11) DEFAULT NULL,
  `pic` blob
) ENGINE=InnoDB DEFAULT CHARSET=latin1;

--
-- Dumping data for table `new`
--

/*!40000 ALTER TABLE `new` DISABLE KEYS */;
INSERT INTO `new` (`id`,`pic`) VALUES 
 (1,NULL);
/*!40000 ALTER TABLE `new` ENABLE KEYS */;


--
-- Definition of table `pay_bill`
--

DROP TABLE IF EXISTS `pay_bill`;
CREATE TABLE `pay_bill` (
  `pay_bill_ID` varchar(20) DEFAULT NULL,
  `emp_id` int(11) DEFAULT NULL,
  `pay_bill_date` date DEFAULT NULL,
  `Pay` float(8,2) DEFAULT NULL,
  `da` float(8,2) DEFAULT '0.00',
  `Dearness_Pay` float(8,2) DEFAULT '0.00',
  `SDA` float(8,2) DEFAULT '0.00',
  `SpA` float(8,2) DEFAULT '0.00',
  `HRA` float(8,2) DEFAULT '0.00',
  `Summ_all` float(8,2) DEFAULT '0.00',
  `Wash_all` float(8,2) DEFAULT '0.00',
  `Win_all` float(8,2) DEFAULT '0.00',
  `Personal_pay` float(8,2) DEFAULT '0.00',
  `sca` float(8,2) DEFAULT '0.00',
  `Gross_total` float(8,2) DEFAULT NULL,
  `gpf_sub` varchar(20) DEFAULT NULL,
  `Cpf_adv` float(8,2) DEFAULT NULL,
  `Sf` float(8,2) DEFAULT NULL,
  `i_f` float(8,2) DEFAULT NULL,
  `User_charge` float(8,2) DEFAULT NULL,
  `Water_charge` float(8,2) DEFAULT NULL,
  `Civic_charge` float(8,2) DEFAULT NULL,
  `Income_tax` float(8,2) DEFAULT NULL,
  `Revenue` float(8,2) DEFAULT NULL,
  `Recov_adv_sal` float(8,2) DEFAULT NULL,
  `Fest_adv` float(8,2) DEFAULT NULL,
  `House_building_all` float(8,2) DEFAULT NULL,
  `Scooter_adv` float(8,2) DEFAULT NULL,
  `total_deduct` varchar(30) DEFAULT NULL,
  `Emp_contribution` float(8,2) DEFAULT NULL,
  `Total_deduct_nps` float(8,2) DEFAULT NULL,
  `Net_amt_cre` float(8,2) DEFAULT NULL,
  `Bill_amt_to_passed` float(8,2) DEFAULT NULL,
  `gpf_nps_ac` varchar(50) DEFAULT NULL,
  KEY `emp_id` (`emp_id`),
  CONSTRAINT `pay_bill_ibfk_1` FOREIGN KEY (`emp_id`) REFERENCES `emp` (`emp_id`)
) ENGINE=InnoDB DEFAULT CHARSET=latin1;

--
-- Dumping data for table `pay_bill`
--

/*!40000 ALTER TABLE `pay_bill` DISABLE KEYS */;
INSERT INTO `pay_bill` (`pay_bill_ID`,`emp_id`,`pay_bill_date`,`Pay`,`da`,`Dearness_Pay`,`SDA`,`SpA`,`HRA`,`Summ_all`,`Wash_all`,`Win_all`,`Personal_pay`,`sca`,`Gross_total`,`gpf_sub`,`Cpf_adv`,`Sf`,`i_f`,`User_charge`,`Water_charge`,`Civic_charge`,`Income_tax`,`Revenue`,`Recov_adv_sal`,`Fest_adv`,`House_building_all`,`Scooter_adv`,`total_deduct`,`Emp_contribution`,`Total_deduct_nps`,`Net_amt_cre`,`Bill_amt_to_passed`,`gpf_nps_ac`) VALUES 
 ('1DC',1001,'2020-07-30',18500.00,222.22,333.33,250.00,333.33,250.00,222.22,285.71,400.00,222.22,0.00,2519.03,'12110',185.00,185.00,185.00,185.00,185.00,185.00,185.00,185.00,185.00,185.00,185.00,185.00,'2220',185.00,NULL,NULL,18799.03,'12110'),
 ('1DC',1002,'2020-07-30',19100.00,222.22,0.00,250.00,333.33,250.00,222.22,285.71,400.00,222.22,0.00,2185.70,'',191.00,191.00,191.00,191.00,191.00,191.00,191.00,191.00,191.00,191.00,191.00,191.00,'2292',191.00,1002.00,NULL,18993.70,'1011'),
 ('1DC',1003,'2020-07-30',18500.00,222.22,333.33,250.00,333.33,250.00,222.22,285.71,400.00,222.22,500.00,3019.03,'',185.00,185.00,185.00,185.00,185.00,185.00,185.00,185.00,185.00,185.00,185.00,185.00,'2220',185.00,NULL,NULL,19299.03,''),
 ('1DC',1004,'2020-07-30',250000.00,222.22,333.33,250.00,333.33,250.00,222.22,0.00,0.00,222.22,0.00,1833.32,'as12345',2500.00,2500.00,2500.00,2500.00,2500.00,2500.00,2500.00,2500.00,2500.00,2500.00,2500.00,2500.00,'30000',2500.00,NULL,NULL,221833.31,'as12345'),
 ('1DC',1001,'2020-08-01',18500.00,400.00,500.00,400.00,400.00,400.00,400.00,0.00,1000.00,400.00,0.00,3900.00,'12110',185.00,185.00,185.00,185.00,185.00,185.00,185.00,NULL,185.00,185.00,185.00,185.00,'',185.00,NULL,NULL,22400.00,'12110'),
 ('1DC',1002,'2020-08-01',19100.00,400.00,0.00,400.00,400.00,400.00,400.00,0.00,1000.00,400.00,0.00,3400.00,'',191.00,191.00,191.00,191.00,191.00,191.00,191.00,NULL,191.00,191.00,191.00,191.00,'',191.00,1002.00,NULL,22500.00,'1011'),
 ('1DC',1003,'2020-08-01',20100.00,400.00,500.00,400.00,400.00,400.00,400.00,0.00,0.00,400.00,0.00,2900.00,'as12345',201.00,201.00,201.00,201.00,201.00,201.00,201.00,NULL,201.00,201.00,201.00,201.00,'',201.00,NULL,NULL,23000.00,'as12345'),
 ('1DC',1004,'2020-08-01',250000.00,400.00,500.00,400.00,400.00,400.00,400.00,0.00,0.00,400.00,0.00,2900.00,'as12345',2500.00,2500.00,2500.00,2500.00,2500.00,2500.00,2500.00,NULL,2500.00,2500.00,2500.00,2500.00,'',2500.00,NULL,NULL,252900.00,'as12345'),
 ('1DC',1005,'2020-08-01',250000.00,400.00,500.00,400.00,400.00,400.00,400.00,0.00,0.00,400.00,0.00,2900.00,'as12345',2500.00,2500.00,2500.00,2500.00,2500.00,2500.00,2500.00,NULL,2500.00,2500.00,2500.00,2500.00,'',2500.00,NULL,NULL,252900.00,'as12345'),
 ('1DC',1007,'2020-02-07',250000.00,200.00,200.00,200.00,200.00,200.00,200.00,0.00,0.00,200.00,0.00,1400.00,'as12345',2500.00,2500.00,2500.00,2500.00,2500.00,2500.00,2500.00,2500.00,2500.00,2500.00,2500.00,2500.00,'30000',2500.00,NULL,NULL,221400.00,'as12345'),
 ('1DC',1007,'2020-08-02',250000.00,2000.00,2000.00,2000.00,2000.00,2000.00,2000.00,0.00,0.00,2000.00,0.00,14000.00,'as12345',2500.00,2500.00,2500.00,2500.00,2500.00,2500.00,2500.00,2500.00,2500.00,2500.00,2500.00,NULL,'',27500.00,NULL,NULL,264000.00,'as12345');
/*!40000 ALTER TABLE `pay_bill` ENABLE KEYS */;


--
-- Definition of table `pic`
--

DROP TABLE IF EXISTS `pic`;
CREATE TABLE `pic` (
  `emp_ID` int(11) DEFAULT NULL,
  `payBand` varchar(20) DEFAULT NULL,
  `presentPay` float(8,2) DEFAULT NULL,
  `presentGrade` varchar(10) DEFAULT NULL,
  `prevDate` date DEFAULT NULL,
  `currentDate` date DEFAULT NULL,
  `nextPay` float(8,2) DEFAULT NULL,
  `nextGrade` varchar(10) DEFAULT NULL,
  `absntFrom` date DEFAULT NULL,
  `absntTo` date DEFAULT NULL,
  `reason` varchar(300) DEFAULT NULL,
  `incType` varchar(30) DEFAULT NULL,
  KEY `emp_ID` (`emp_ID`),
  CONSTRAINT `pic_ibfk_1` FOREIGN KEY (`emp_ID`) REFERENCES `employee` (`id`) ON DELETE CASCADE ON UPDATE CASCADE
) ENGINE=InnoDB DEFAULT CHARSET=latin1;

--
-- Dumping data for table `pic`
--

/*!40000 ALTER TABLE `pic` DISABLE KEYS */;
INSERT INTO `pic` (`emp_ID`,`payBand`,`presentPay`,`presentGrade`,`prevDate`,`currentDate`,`nextPay`,`nextGrade`,`absntFrom`,`absntTo`,`reason`,`incType`) VALUES 
 (1,'5200-20200',18500.00,'1800','2020-10-13','2020-10-23',20500.00,'1900','2020-10-07','2020-10-25','Due to stomach ache','Promotional Increment'),
 (5,'9300-34800',53600.00,'4200','2020-07-01','2021-07-01',55200.00,'4200',NULL,NULL,'','Annual Increment'),
 (10,'9300-34800',53600.00,'4200','2020-07-01','2020-11-20',55200.00,'4200',NULL,NULL,'','Annual Increment'),
 (10,'9300-34800',53600.00,'4200','2020-07-01','2021-07-01',55200.00,'4200',NULL,NULL,'','Annual Increment'),
 (11,'9300-34800',53600.00,'4200','2020-07-01','2021-07-01',55200.00,'4200',NULL,NULL,'','Annual Increment');
/*!40000 ALTER TABLE `pic` ENABLE KEYS */;


--
-- Definition of table `pis`
--

DROP TABLE IF EXISTS `pis`;
CREATE TABLE `pis` (
  `emp_id` int(11) DEFAULT NULL,
  `pay_band` varchar(20) DEFAULT NULL,
  `grade_pay` int(110) DEFAULT NULL,
  `level` varchar(10) DEFAULT NULL,
  `pre_sal` float(8,2) DEFAULT NULL,
  `inc_type` varchar(30) DEFAULT NULL,
  `inc_sal` float(8,2) DEFAULT NULL,
  `n_grade` int(10) DEFAULT NULL,
  `n_inc` float(8,2) DEFAULT NULL,
  `abs_from` date DEFAULT NULL,
  `abs_to` date DEFAULT NULL,
  `reason` varchar(200) DEFAULT NULL,
  `changes_made` date DEFAULT NULL,
  KEY `emp_id` (`emp_id`),
  CONSTRAINT `pis_ibfk_1` FOREIGN KEY (`emp_id`) REFERENCES `emp` (`emp_id`) ON DELETE CASCADE ON UPDATE CASCADE
) ENGINE=InnoDB DEFAULT CHARSET=latin1;

--
-- Dumping data for table `pis`
--

/*!40000 ALTER TABLE `pis` DISABLE KEYS */;
INSERT INTO `pis` (`emp_id`,`pay_band`,`grade_pay`,`level`,`pre_sal`,`inc_type`,`inc_sal`,`n_grade`,`n_inc`,`abs_from`,`abs_to`,`reason`,`changes_made`) VALUES 
 (1001,'5200-20200',1800,'1',18500.00,'Annual Increment',19100.00,1800,19700.00,'2020-07-08','2020-07-09','Due to Stomach Ache!','2020-07-08'),
 (1002,'5200-20200',1900,'2',19100.00,'Promotional Increment',21700.00,2000,22400.00,'2020-07-06','2020-07-08','Due to Malaria.','2020-07-08'),
 (1003,'5200-20200',1800,'1',18500.00,'Annual Increment',19100.00,1800,19700.00,'2020-08-01','2020-08-01','Fick','2020-08-01');
/*!40000 ALTER TABLE `pis` ENABLE KEYS */;


--
-- Definition of table `test`
--

DROP TABLE IF EXISTS `test`;
CREATE TABLE `test` (
  `a` int(11) DEFAULT NULL,
  `b` int(11) DEFAULT NULL,
  `c` int(11) DEFAULT NULL
) ENGINE=InnoDB DEFAULT CHARSET=latin1;

--
-- Dumping data for table `test`
--

/*!40000 ALTER TABLE `test` DISABLE KEYS */;
INSERT INTO `test` (`a`,`b`,`c`) VALUES 
 (1,2,3),
 (18500,NULL,1011),
 (1,2,NULL);
/*!40000 ALTER TABLE `test` ENABLE KEYS */;




/*!40101 SET SQL_MODE=@OLD_SQL_MODE */;
/*!40014 SET FOREIGN_KEY_CHECKS=@OLD_FOREIGN_KEY_CHECKS */;
/*!40014 SET UNIQUE_CHECKS=@OLD_UNIQUE_CHECKS */;
/*!40101 SET CHARACTER_SET_CLIENT=@OLD_CHARACTER_SET_CLIENT */;
/*!40101 SET CHARACTER_SET_RESULTS=@OLD_CHARACTER_SET_RESULTS */;
/*!40101 SET COLLATION_CONNECTION=@OLD_COLLATION_CONNECTION */;
/*!40101 SET CHARACTER_SET_CLIENT=@OLD_CHARACTER_SET_CLIENT */;
